Событие;Время;Сообщение;Параметр_1;Комментарий;
Исчезновение;14.09.2021 23:40:27;;-k;квитировано;true;false;
Квитирование;14.09.2021 23:40:21;;-k;квитировано;true;false;
Появление;14.09.2021 23:40:14;;-k;квитировано;true;false;
Исчезновение;14.09.2021 23:38:44;;-k;квитировано;true;false;
Квитирование;14.09.2021 23:38:38;;-k;квитировано;true;false;
Появление;14.09.2021 23:38:31;;-k;квитировано;true;false;
Исчезновение;14.09.2021 23:35:39;;-k;квитировано;true;false;
Квитирование;14.09.2021 23:35:34;;-k;квитировано;true;false;
Появление;14.09.2021 23:35:27;;-k;квитировано;true;false;
Исчезновение;14.09.2021 23:25:10;;-k;квитировано;true;false;
Квитирование;14.09.2021 23:25:05;;-k;квитировано;true;false;
Появление;14.09.2021 23:24:58;;-k;квитировано;true;false;
Квитирование;14.09.2021 23:19:56;;-k-k;квитировано;true;false;
Исчезновение;14.09.2021 23:19:49;;-k;квитировано;true;false;
Квитирование;14.09.2021 23:19:29;;-k;квитировано;true;false;
Появление;14.09.2021 23:19:22;;-k;квитировано;true;false;
Исчезновение;14.09.2021 23:19:01;;-k;квитировано;true;false;
Квитирование;14.09.2021 23:18:53;;-k;квитировано;true;false;
Появление;14.09.2021 23:18:45;;-k;квитировано;true;false;
Исчезновение;14.09.2021 23:16:25;;-k;квитировано;true;false;
Квитирование;14.09.2021 23:16:17;;-k;квитировано;true;false;
Появление;14.09.2021 23:16:09;;-k;квитировано;true;false;
Исчезновение;14.09.2021 23:15:20;;-k-k;;true;false;
Появление;14.09.2021 23:14:51;;-k-k;квитировано;true;false;
Исчезновение;14.09.2021 23:14:12;;;;true;false;
Появление;14.09.2021 23:13:54;;;;false;false;
Исчезновение;14.09.2021 23:09:24;;-k;квитировано;true;false;
Квитирование;14.09.2021 23:09:17;;-k;квитировано;true;false;
Появление;14.09.2021 23:09:10;;-k;квитировано;true;false;
Исчезновение;14.09.2021 23:08:36;;-k;квитировано;true;false;
Квитирование;14.09.2021 23:07:46;;-k;квитировано;true;false;
Появление;14.09.2021 23:07:38;;-k;квитировано;true;false;
Исчезновение;14.09.2021 23:07:12;;-k;квитировано;true;false;
Квитирование;14.09.2021 23:05:30;;-k;квитировано;true;false;
Появление;14.09.2021 23:05:23;;-k;квитировано;true;false;
Квитирование;14.09.2021 23:04:34;;-k;квитировано;true;false;
Исчезновение;14.09.2021 23:04:27;;-k;квитировано;true;false;
Квитирование;14.09.2021 23:03:07;;-k;квитировано;true;false;
Появление;14.09.2021 23:03:00;;-k;квитировано;true;false;
Исчезновение;14.09.2021 22:55:24;;-k;квитировано;true;false;
Квитирование;14.09.2021 22:55:20;;-k;квитировано;true;false;
Появление;14.09.2021 22:55:13;;-k;квитировано;true;false;
Исчезновение;14.09.2021 22:46:17;;-k;;true;false;
Появление;14.09.2021 22:44:37;;-k;квитировано;true;false;
Исчезновение;14.09.2021 22:44:27;;-k;;true;false;
Появление;14.09.2021 22:43:16;;-k;;false;false;
Квитирование;14.09.2021 22:43:12;;-k;квитировано;true;false;
Исчезновение;14.09.2021 22:43:05;;-k;;true;false;
Появление;14.09.2021 22:42:52;;-k;квитировано;true;false;
Исчезновение;14.09.2021 22:41:22;;-k;квитировано;true;false;
Квитирование;14.09.2021 22:41:17;;-k;квитировано;true;false;
Появление;14.09.2021 22:41:10;;-k;квитировано;true;false;
Исчезновение;14.09.2021 22:36:12;;-k;квитировано;true;false;
Квитирование;14.09.2021 22:36:08;;-k;квитировано;true;false;
Появление;14.09.2021 22:36:01;;-k;квитировано;true;false;
Исчезновение;14.09.2021 22:35:50;;;;true;false;
Появление;14.09.2021 22:35:33;;;;false;false;
Исчезновение;14.09.2021 22:35:12;;;;true;false;
Появление;14.09.2021 22:34:52;;;;false;false;
Исчезновение;14.09.2021 22:34:28;;;;true;false;
Появление;14.09.2021 22:32:44;;;;false;false;
Исчезновение;14.09.2021 22:31:17;;-k;квитировано;true;false;
Квитирование;14.09.2021 22:31:13;;-k;квитировано;true;false;
Появление;14.09.2021 22:31:04;;-k;квитировано;true;false;
Исчезновение;14.09.2021 22:30:42;;;;true;false;
Появление;14.09.2021 21:52:24;;-k;;false;false;
Квитирование;14.09.2021 21:52:09;;-k;квитировано;true;false;
Исчезновение;14.09.2021 21:52:01;;-k;;true;false;
Появление;14.09.2021 21:46:26;;-k;квитировано;true;false;
Исчезновение;14.09.2021 21:46:10;;5645685465;;true;false;
Появление;14.09.2021 21:45:50;;5645685465;;false;false;
Квитирование;14.09.2021 21:45:46;;-k;квитировано;true;false;
Исчезновение;14.09.2021 21:45:38;;-k;;true;false;
Появление;14.09.2021 21:45:09;;-k;квитировано;true;false;
Исчезновение;14.09.2021 21:37:14;;-k;квитировано;true;false;
Квитирование;14.09.2021 21:37:09;;-k;квитировано;true;false;
Появление;14.09.2021 21:37:01;;-k;квитировано;true;false;
Исчезновение;14.09.2021 21:35:36;;-k;квитировано;true;false;
Квитирование;14.09.2021 21:35:32;;-k;квитировано;true;false;
Появление;14.09.2021 21:35:23;;-k;квитировано;true;false;
Исчезновение;14.09.2021 21:28:30;;-k;квитировано;true;false;
Квитирование;14.09.2021 21:28:26;;-k;квитировано;true;false;
Появление;14.09.2021 21:28:17;;-k;квитировано;true;false;
Исчезновение;14.09.2021 21:23:17;;-k;квитировано;true;false;
Квитирование;14.09.2021 21:23:12;;-k;квитировано;true;false;
Появление;14.09.2021 21:23:04;;-k;квитировано;true;false;
Исчезновение;14.09.2021 21:17:39;;-k;квитировано;true;false;
Квитирование;14.09.2021 21:17:35;;-k;квитировано;true;false;
Появление;14.09.2021 21:17:27;;-k;квитировано;true;false;
Исчезновение;14.09.2021 21:17:15;;-k;квитировано;true;false;
Квитирование;14.09.2021 21:17:11;;-k;квитировано;true;false;
Появление;14.09.2021 21:17:02;;-k;квитировано;true;false;
Исчезновение;14.09.2021 21:16:38;;;;true;false;
Появление;14.09.2021 21:14:42;;-k-k;;false;false;
Исчезновение;14.09.2021 21:14:20;;;;true;false;
Появление;14.09.2021 21:10:54;;;;false;false;
Исчезновение;14.09.2021 21:10:50;;вы;;true;false;
Появление;14.09.2021 21:10:46;;вы;;false;false;
Исчезновение;14.09.2021 21:10:33;;;;true;false;
Появление;14.09.2021 21:09:44;;чсч;;false;false;
Исчезновение;14.09.2021 21:09:43;;чсч;;true;false;
Появление;14.09.2021 21:09:32;;чсч;;false;false;
Исчезновение;14.09.2021 21:09:07;;;;true;false;
Появление;14.09.2021 20:58:55;;-k-k;;false;false;
Исчезновение;14.09.2021 20:48:56;;-k;квитировано;true;false;
Квитирование;14.09.2021 20:48:50;;-k;квитировано;true;false;
Появление;14.09.2021 20:48:38;;-k;квитировано;true;false;
Исчезновение;14.09.2021 20:48:19;;;;true;false;
Появление;14.09.2021 20:37:13;;-k-k;;false;false;
Исчезновение;14.09.2021 20:24:17;;-k;квитировано;true;false;
Квитирование;14.09.2021 20:24:10;;-k;квитировано;true;false;
Появление;14.09.2021 20:23:59;;-k;квитировано;true;false;
Исчезновение;14.09.2021 20:23:29;;;;true;false;
Появление;14.09.2021 20:19:03;;-k-k;;false;false;
Исчезновение;14.09.2021 20:13:27;;-k;квитировано;true;false;
Квитирование;14.09.2021 20:13:20;;-k;квитировано;true;false;
Появление;14.09.2021 20:13:09;;-k;квитировано;true;false;
Исчезновение;14.09.2021 20:12:28;;-k;;true;false;
Появление;14.09.2021 20:09:48;;-k;;false;false;
Исчезновение;14.09.2021 20:07:33;;;квитировано;true;false;
Квитирование;14.09.2021 19:49:51;;-k;квитировано;true;false;
Появление;14.09.2021 19:49:40;;-k;квитировано;true;false;
Исчезновение;14.09.2021 19:45:29;;-k;квитировано;true;false;
Квитирование;14.09.2021 19:45:22;;-k;квитировано;true;false;
Появление;14.09.2021 19:45:11;;-k;квитировано;true;false;
Исчезновение;14.09.2021 19:43:53;;-k;квитировано;true;false;
Квитирование;14.09.2021 19:43:47;;-k;квитировано;true;false;
Появление;14.09.2021 19:43:35;;-k;квитировано;true;false;
Исчезновение;14.09.2021 19:43:17;;;;true;false;
Появление;14.09.2021 17:55:30;;-k-k;;false;false;
Исчезновение;14.09.2021 17:55:13;;-k;квитировано;true;false;
Квитирование;14.09.2021 17:55:07;;-k;квитировано;true;false;
Появление;14.09.2021 17:54:55;;-k;квитировано;true;false;
Исчезновение;14.09.2021 17:54:36;;;;true;false;
Появление;14.09.2021 17:53:17;;-k-k;;false;false;
Исчезновение;14.09.2021 17:52:13;;-k;квитировано;true;false;
Квитирование;14.09.2021 17:52:07;;-k;квитировано;true;false;
Появление;14.09.2021 17:51:56;;-k;квитировано;true;false;
Исчезновение;14.09.2021 17:45:58;;-k;квитировано;true;false;
Квитирование;14.09.2021 17:45:52;;-k;квитировано;true;false;
Появление;14.09.2021 17:45:40;;-k;квитировано;true;false;
Исчезновение;14.09.2021 17:10:34;;-k;квитировано;true;false;
Квитирование;14.09.2021 17:10:27;;-k;квитировано;true;false;
Появление;14.09.2021 17:10:16;;-k;квитировано;true;false;
Исчезновение;14.09.2021 17:08:15;;-k;квитировано;true;false;
Квитирование;14.09.2021 17:08:08;;-k;квитировано;true;false;
Появление;14.09.2021 17:07:57;;-k;квитировано;true;false;
Исчезновение;14.09.2021 17:03:27;;-k;квитировано;true;false;
Квитирование;14.09.2021 17:03:20;;-k;квитировано;true;false;
Появление;14.09.2021 17:03:07;;-k;квитировано;true;false;
Исчезновение;14.09.2021 17:02:39;;;;true;false;
Появление;14.09.2021 17:00:00;;-k;;false;false;
Исчезновение;14.09.2021 16:59:45;;;;true;false;
Появление;14.09.2021 16:59:32;;-k-k;;false;false;
Исчезновение;14.09.2021 16:58:03;;-k;квитировано;true;false;
Квитирование;14.09.2021 16:57:57;;-k;квитировано;true;false;
Появление;14.09.2021 16:57:40;;-k;квитировано;true;false;
Исчезновение;14.09.2021 16:54:40;;-k;квитировано;true;false;
Квитирование;14.09.2021 16:54:33;;-k;квитировано;true;false;
Появление;14.09.2021 16:54:17;;-k;квитировано;true;false;
Исчезновение;14.09.2021 16:53:01;;-k;квитировано;true;false;
Квитирование;14.09.2021 16:52:54;;-k;квитировано;true;false;
Появление;14.09.2021 16:52:38;;-k;квитировано;true;false;
Исчезновение;14.09.2021 16:39:18;;-k;квитировано;true;false;
Квитирование;14.09.2021 16:39:11;;-k;квитировано;true;false;
Появление;14.09.2021 16:38:54;;-k;квитировано;true;false;
Исчезновение;14.09.2021 16:38:35;;;;true;false;
Появление;14.09.2021 11:59:08;;-k-k;;false;false;
Исчезновение;14.09.2021 11:58:35;;-k;квитировано;true;false;
Квитирование;14.09.2021 11:58:29;;-k;квитировано;true;false;
Появление;14.09.2021 11:58:08;;-k;квитировано;true;false;
Исчезновение;14.09.2021 11:57:34;;;;true;false;
Появление;14.09.2021 11:57:18;;-k-k;;false;false;
Исчезновение;14.09.2021 11:57:01;;;;true;false;
Появление;14.09.2021 11:56:15;;;;false;false;
Исчезновение;14.09.2021 11:56:01;;;;true;false;
Появление;14.09.2021 11:54:43;;-k;;false;false;
Исчезновение;14.09.2021 11:54:22;;;;true;false;
Появление;14.09.2021 11:53:20;;-k;;false;false;
Исчезновение;14.09.2021 11:52:27;;;;true;false;
Появление;14.09.2021 11:51:40;;;;false;false;
Исчезновение;14.09.2021 11:51:26;;;;true;false;
Появление;14.09.2021 11:50:59;;;;false;false;
Исчезновение;14.09.2021 11:50:21;;;;true;false;
Появление;14.09.2021 11:49:52;;-k;;false;false;
Исчезновение;14.09.2021 11:49:10;;;;true;false;
Появление;14.09.2021 11:48:20;;-k;;false;false;
Исчезновение;14.09.2021 11:41:54;;;;true;false;
Появление;14.09.2021 11:05:14;;-k-k;;false;false;
Исчезновение;14.09.2021 10:58:57;;-k;квитировано;true;false;
Квитирование;14.09.2021 10:58:51;;-k;квитировано;true;false;
Появление;14.09.2021 10:58:36;;-k;квитировано;true;false;
Исчезновение;14.09.2021 10:45:29;;;;true;false;
Появление;14.09.2021 00:22:43;;-k-k;;false;false;
Исчезновение;14.09.2021 00:21:40;;-k;квитировано;true;false;
Квитирование;14.09.2021 00:21:34;;-k;квитировано;true;false;
Появление;14.09.2021 00:21:19;;-k;квитировано;true;false;
Исчезновение;14.09.2021 00:20:48;;;;true;false;
Появление;12.09.2021 16:37:09;;-kklk-k-k-k-k-k-k;;false;false;
Исчезновение;12.09.2021 16:35:19;;-kklk-k-k-k-k;;true;false;
Появление;12.09.2021 16:34:26;;-kklk-k-k-k-k;;false;false;
Исчезновение;12.09.2021 16:33:17;;-kklk-k-k;;true;false;
Появление;12.09.2021 16:32:50;;-kklk-k-k;;false;false;
Исчезновение;12.09.2021 16:29:42;;-kklk;квитировано;true;false;
Квитирование;12.09.2021 16:27:48;;-kklk;квитировано;true;false;
Появление;12.09.2021 16:27:38;;-kklk;квитировано;true;false;
Исчезновение;12.09.2021 16:27:38;;-k;;true;false;
Появление;12.09.2021 16:27:34;;-k;;false;false;
Исчезновение;12.09.2021 16:22:50;;;;true;false;
Появление;12.09.2021 16:12:08;;-k-k-k-k-k-k-k-k-k-k-k-k;;false;false;
Исчезновение;12.09.2021 15:30:43;;-k-k-k-k-k-k-k-k-k-k;;true;false;
Появление;12.09.2021 15:29:29;;-k-k-k-k-k-k-k-k-k-k;;false;false;
Квитирование;12.09.2021 15:29:23;;-k-k-k-k-k-k-k-k;квитировано;true;false;
Исчезновение;12.09.2021 15:29:13;;-k-k-k-k-k-k-k-k;;true;false;
Появление;12.09.2021 15:27:25;;-k-k-k-k-k-k-k-k;квитировано;true;false;
Квитирование;12.09.2021 15:27:20;;-k-k-k-k-k-k;квитировано;true;false;
Исчезновение;12.09.2021 15:27:10;;-k-k-k-k-k-k;;true;false;
Появление;12.09.2021 15:26:06;;-k-k-k-k-k-k;квитировано;true;false;
Квитирование;12.09.2021 15:26:01;;-k-k-k-k;квитировано;true;false;
Исчезновение;12.09.2021 15:25:51;;-k-k-k-k;;true;false;
Появление;12.09.2021 15:22:23;;-k-k-k-k;квитировано;true;false;
Исчезновение;12.09.2021 15:20:32;;-k-k;;true;false;
Появление;12.09.2021 15:14:26;;-k-k;;false;false;
Исчезновение;12.09.2021 15:13:28;;-k;квитировано;true;false;
Квитирование;12.09.2021 15:13:22;;-k;квитировано;true;false;
Появление;12.09.2021 15:13:07;;-k;квитировано;true;false;
Исчезновение;12.09.2021 14:59:06;;-k-k-k-k-k-k-k-k-k-k-k;;true;false;
Появление;12.09.2021 14:56:30;;-k-k-k-k-k-k-k-k-k-k-k;;false;false;
Исчезновение;12.09.2021 14:49:45;;-k-k-k-k-k-k-k-k-k;;true;false;
Появление;12.09.2021 14:48:45;;-k-k-k-k-k-k-k-k-k;;false;false;
Исчезновение;12.09.2021 14:48:20;;-k-k-k-k-k-k-k;;true;false;
Появление;12.09.2021 14:47:01;;-k-k-k-k-k-k-k;;false;false;
Исчезновение;12.09.2021 14:46:02;;-k-k-k-k-k;;true;false;
Появление;12.09.2021 14:27:10;;-k-k-k-k-k;;false;false;
Исчезновение;12.09.2021 14:23:38;;-k-k-k;;true;false;
Появление;12.09.2021 14:22:53;;-k-k-k;;false;false;
Исчезновение;12.09.2021 14:22:18;;-k;;true;false;
Появление;12.09.2021 14:20:53;;-k;;false;false;
Исчезновение;12.09.2021 14:20:38;;;;true;false;
Появление;12.09.2021 14:20:05;;-k-k-k-k-k-k-k-k-k;;false;false;
Исчезновение;12.09.2021 14:14:49;;-k-k-k-k-k-k-k;;true;false;
Появление;12.09.2021 13:49:28;;-k-k-k-k-k-k-k;;false;false;
Исчезновение;12.09.2021 13:43:25;;-k-k-k-k-k;;true;false;
Появление;12.09.2021 13:42:37;;-k-k-k-k-k;;false;false;
Исчезновение;12.09.2021 13:41:33;;-k-k-k;;true;false;
Появление;12.09.2021 13:37:01;;-k-k-k;;false;false;
Исчезновение;12.09.2021 13:36:06;;-k;;true;false;
Появление;12.09.2021 12:58:05;;-k;;false;false;
Исчезновение;12.09.2021 12:13:47;;-k;;true;false;
Появление;12.09.2021 12:00:59;;-k;;false;false;
Исчезновение;12.09.2021 12:00:44;;;;true;false;
Появление;12.09.2021 11:54:44;;-k;;false;false;
Исчезновение;12.09.2021 11:54:14;;;;true;false;
Появление;12.09.2021 11:53:00;;-k;;false;false;
Исчезновение;11.09.2021 22:39:44;;-k;квитировано;true;false;
Квитирование;11.09.2021 22:39:37;;-k;квитировано;true;false;
Появление;11.09.2021 22:39:22;;-k;квитировано;true;false;
Исчезновение;11.09.2021 22:10:45;;-k;квитировано;true;false;
Квитирование;11.09.2021 22:10:39;;-k;квитировано;true;false;
Появление;11.09.2021 22:10:23;;-k;квитировано;true;false;
Квитирование;11.09.2021 22:08:38;;-k;квитировано;true;false;
Исчезновение;11.09.2021 22:08:27;;-k;;true;false;
Появление;11.09.2021 22:08:13;;-k;квитировано;true;false;
Исчезновение;11.09.2021 22:07:41;;;;true;false;
Появление;11.09.2021 22:06:53;;-k;;false;false;
Исчезновение;11.09.2021 22:06:03;;;;true;false;
Появление;11.09.2021 22:02:24;;-k;;false;false;
Исчезновение;11.09.2021 22:01:57;;;;true;false;
Появление;11.09.2021 21:58:59;;-k;;false;false;
Исчезновение;11.09.2021 21:57:59;;-k-k-k-k-k;;true;false;
Появление;11.09.2021 21:22:56;;-k-k-k-k-k;;false;false;
Исчезновение;11.09.2021 21:21:06;;-k-k-k;;true;false;
Появление;11.09.2021 20:31:53;;-k-k-k;;false;false;
Исчезновение;11.09.2021 20:22:19;;-k;;true;false;
Появление;11.09.2021 20:18:50;;-k;;false;false;
Исчезновение;11.09.2021 19:45:56;;-k-k-kк--k;;true;false;
Появление;11.09.2021 19:37:24;;-k-k-kк--k;;false;false;
Квитирование;11.09.2021 19:37:18;;-k-k-k;квитировано;true;false;
Исчезновение;11.09.2021 19:37:15;;-k-k-k;;true;false;
Появление;11.09.2021 19:35:58;;-k-k-k;квитировано;true;false;
Исчезновение;11.09.2021 19:30:24;;-k;;true;false;
Появление;11.09.2021 19:05:13;;-k;;false;false;
Исчезновение;11.09.2021 18:07:43;;-k-k-k-k;;true;false;
Появление;11.09.2021 18:03:09;;-k-k-k-k;;false;false;
Исчезновение;11.09.2021 18:02:38;;-k;;true;false;
Появление;11.09.2021 17:55:18;;-k;;false;false;
Исчезновение;11.09.2021 17:48:46;;;;true;false;
Появление;11.09.2021 17:43:03;;-1;;false;false;
Исчезновение;11.09.2021 17:10:24;;к-к-к-к-;квитировано;true;false;
Квитирование;11.09.2021 16:21:52;;к-к-к-к-;квитировано;true;false;
Появление;11.09.2021 16:21:49;;к-к-к-к-;квитировано;true;false;
Исчезновение;11.09.2021 16:14:36;;к-к-;квитировано;true;false;
Квитирование;11.09.2021 16:08:59;;к-к-;квитировано;true;false;
Появление;11.09.2021 16:08:56;;к-к-;квитировано;true;false;
Исчезновение;11.09.2021 16:05:08;;к-;квитировано;true;false;
Квитирование;11.09.2021 16:05:01;;к-;квитировано;true;false;
Появление;11.09.2021 16:04:58;;к-;квитировано;true;false;
Исчезновение;11.09.2021 01:38:14;;к-к-;квитировано;true;false;
Квитирование;11.09.2021 01:33:30;;к-к-;квитировано;true;false;
Появление;11.09.2021 01:33:26;;к-к-;квитировано;true;false;
Исчезновение;11.09.2021 01:27:02;;к-;квитировано;true;false;
Квитирование;11.09.2021 01:26:56;;к-;квитировано;true;false;
Появление;11.09.2021 01:26:53;;к-;квитировано;true;false;
Исчезновение;11.09.2021 01:07:44;;к-к-к-к-к-к-к-к-;квитировано;true;false;
Квитирование;11.09.2021 01:06:14;;к-к-к-к-к-к-к-к-;квитировано;true;false;
Появление;11.09.2021 01:06:11;;к-к-к-к-к-к-к-к-;квитировано;true;false;
Исчезновение;11.09.2021 00:56:17;;к-к-к-к-к-к-;квитировано;true;false;
Квитирование;11.09.2021 00:52:37;;к-к-к-к-к-к-;квитировано;true;false;
Появление;11.09.2021 00:52:34;;к-к-к-к-к-к-;квитировано;true;false;
Исчезновение;11.09.2021 00:34:19;;к-к-к-к-;квитировано;true;false;
Квитирование;11.09.2021 00:30:08;;к-к-к-к-;квитировано;true;false;
Появление;11.09.2021 00:30:05;;к-к-к-к-;квитировано;true;false;
Исчезновение;11.09.2021 00:27:55;;к-к-;квитировано;true;false;
Квитирование;11.09.2021 00:21:10;;к-к-;квитировано;true;false;
Появление;11.09.2021 00:21:07;;к-к-;квитировано;true;false;
Исчезновение;11.09.2021 00:20:55;;к-;квитировано;true;false;
Квитирование;11.09.2021 00:20:49;;к-;квитировано;true;false;
Появление;11.09.2021 00:20:46;;к-;квитировано;true;false;
Исчезновение;11.09.2021 00:18:44;;к-к-к-к-к-к-к-к-;квитировано;true;false;
Квитирование;11.09.2021 00:03:52;;к-к-к-к-к-к-к-к-;квитировано;true;false;
Появление;11.09.2021 00:03:49;;к-к-к-к-к-к-к-к-;квитировано;true;false;
Исчезновение;10.09.2021 23:55:57;;к-к-к-к-к-к-;квитировано;true;false;
Квитирование;10.09.2021 23:53:45;;к-к-к-к-к-к-;квитировано;true;false;
Появление;10.09.2021 23:53:41;;к-к-к-к-к-к-;квитировано;true;false;
Исчезновение;10.09.2021 23:45:19;;к-к-к-к-;квитировано;true;false;
Квитирование;10.09.2021 23:41:12;;к-к-к-к-;квитировано;true;false;
Появление;10.09.2021 23:41:08;;к-к-к-к-;квитировано;true;false;
Исчезновение;10.09.2021 23:38:14;;к-к-;квитировано;true;false;
Квитирование;10.09.2021 23:16:26;;к-к-;квитировано;true;false;
Появление;10.09.2021 23:16:23;;к-к-;квитировано;true;false;
Исчезновение;10.09.2021 23:16:09;;к-;квитировано;true;false;
Квитирование;10.09.2021 23:16:03;;к-;квитировано;true;false;
Появление;10.09.2021 23:16:00;;к-;квитировано;true;false;
Исчезновение;10.09.2021 15:13:49;;к-;квитировано;true;false;
Квитирование;10.09.2021 15:13:43;;к-;квитировано;true;false;
Появление;10.09.2021 15:13:40;;к-;квитировано;true;false;
Исчезновение;10.09.2021 15:10:03;;к-;квитировано;true;false;
Квитирование;10.09.2021 15:09:56;;к-;квитировано;true;false;
Появление;10.09.2021 15:09:53;;к-;квитировано;true;false;
Исчезновение;10.09.2021 15:07:23;;к-к-к-к-к-к-к-к-;квитировано;true;false;
Квитирование;10.09.2021 15:02:45;;к-к-к-к-к-к-к-к-;квитировано;true;false;
Появление;10.09.2021 15:02:42;;к-к-к-к-к-к-к-к-;квитировано;true;false;
Исчезновение;10.09.2021 15:01:26;;к-к-к-к-к-к-;квитировано;true;false;
Квитирование;10.09.2021 14:53:32;;к-к-к-к-к-к-;квитировано;true;false;
Появление;10.09.2021 14:53:29;;к-к-к-к-к-к-;квитировано;true;false;
Исчезновение;10.09.2021 14:41:34;;к-к-к-к-;квитировано;true;false;
Квитирование;10.09.2021 14:33:19;;к-к-к-к-;квитировано;true;false;
Появление;10.09.2021 14:33:15;;к-к-к-к-;квитировано;true;false;
Исчезновение;10.09.2021 14:23:19;;к-к-;квитировано;true;false;
Квитирование;10.09.2021 14:21:41;;к-к-;квитировано;true;false;
Появление;10.09.2021 14:21:37;;к-к-;квитировано;true;false;
Исчезновение;10.09.2021 14:14:57;;к-;квитировано;true;false;
Квитирование;10.09.2021 14:14:51;;к-;квитировано;true;false;
Появление;10.09.2021 14:14:48;;к-;квитировано;true;false;
Исчезновение;10.09.2021 14:10:39;;к-;квитировано;true;false;
Квитирование;10.09.2021 14:10:33;;к-;квитировано;true;false;
Появление;10.09.2021 14:10:30;;к-;квитировано;true;false;
Исчезновение;10.09.2021 13:45:22;;к-;квитировано;true;false;
Квитирование;10.09.2021 13:45:16;;к-;квитировано;true;false;
Появление;10.09.2021 13:45:13;;к-;квитировано;true;false;
Исчезновение;10.09.2021 13:42:01;;к-;квитировано;true;false;
Квитирование;10.09.2021 13:41:45;;к-;квитировано;true;false;
Появление;10.09.2021 13:41:41;;к-;квитировано;true;false;
Исчезновение;10.09.2021 12:22:00;;к-;квитировано;true;false;
Квитирование;10.09.2021 12:21:54;;к-;квитировано;true;false;
Появление;10.09.2021 12:21:51;;к-;квитировано;true;false;
Исчезновение;10.09.2021 12:19:01;;к-;квитировано;true;false;
Квитирование;10.09.2021 12:18:55;;к-;квитировано;true;false;
Появление;10.09.2021 12:18:52;;к-;квитировано;true;false;
Исчезновение;10.09.2021 12:18:05;;к-;квитировано;true;false;
Квитирование;10.09.2021 12:17:58;;к-;квитировано;true;false;
Появление;10.09.2021 12:17:55;;к-;квитировано;true;false;
Исчезновение;10.09.2021 12:17:17;;к-к-;квитировано;true;false;
Квитирование;10.09.2021 12:14:59;;к-к-;квитировано;true;false;
Появление;10.09.2021 12:14:56;;к-к-;квитировано;true;false;
Исчезновение;10.09.2021 12:08:46;;к-;квитировано;true;false;
Квитирование;10.09.2021 12:08:40;;к-;квитировано;true;false;
Появление;10.09.2021 12:08:37;;к-;квитировано;true;false;
Исчезновение;10.09.2021 11:44:10;;;квитировано;true;false;
Квитирование;10.09.2021 11:38:06;;к-к-;квитировано;true;false;
Появление;10.09.2021 11:38:02;;к-к-;квитировано;true;false;
Исчезновение;10.09.2021 11:07:58;;к-;квитировано;true;false;
Квитирование;10.09.2021 11:07:52;;к-;квитировано;true;false;
Появление;10.09.2021 11:07:49;;к-;квитировано;true;false;
Исчезновение;10.09.2021 10:57:13;;к-;квитировано;true;false;
Квитирование;10.09.2021 10:57:06;;к-;квитировано;true;false;
Появление;10.09.2021 10:57:03;;к-;квитировано;true;false;
Исчезновение;10.09.2021 10:56:02;;к-к-;квитировано;true;false;
Квитирование;09.09.2021 16:33:24;;к-к-;квитировано;true;false;
Появление;09.09.2021 16:33:21;;к-к-;квитировано;true;false;
Исчезновение;09.09.2021 16:27:40;;к-;квитировано;true;false;
Квитирование;09.09.2021 16:27:34;;к-;квитировано;true;false;
Появление;09.09.2021 16:27:30;;к-;квитировано;true;false;
Исчезновение;09.09.2021 16:12:52;;к-к-к-к-;квитировано;true;false;
Квитирование;09.09.2021 16:12:50;;к-к-к-к-;квитировано;true;false;
Появление;09.09.2021 16:12:47;;к-к-к-к-;квитировано;true;false;
Исчезновение;09.09.2021 16:00:49;;к-к-;квитировано;true;false;
Квитирование;09.09.2021 15:50:55;;к-к-;квитировано;true;false;
Появление;09.09.2021 15:50:52;;к-к-;квитировано;true;false;
Исчезновение;09.09.2021 15:15:22;;к-;квитировано;true;false;
Квитирование;09.09.2021 15:15:15;;к-;квитировано;true;false;
Появление;09.09.2021 15:15:12;;к-;квитировано;true;false;
Исчезновение;09.09.2021 15:14:51;;;квитировано;true;false;
Квитирование;09.09.2021 15:13:02;;к-к-;квитировано;true;false;
Появление;09.09.2021 15:12:59;;к-к-;квитировано;true;false;
Исчезновение;09.09.2021 15:04:03;;к-;квитировано;true;false;
Квитирование;09.09.2021 15:03:57;;к-;квитировано;true;false;
Появление;09.09.2021 15:03:54;;к-;квитировано;true;false;
Исчезновение;09.09.2021 14:23:22;;к-;квитировано;true;false;
Квитирование;09.09.2021 14:23:15;;к-;квитировано;true;false;
Появление;09.09.2021 14:23:12;;к-;квитировано;true;false;
Исчезновение;09.09.2021 14:11:49;;;квитировано;true;false;
Квитирование;09.09.2021 13:44:23;;к-к-;квитировано;true;false;
Появление;09.09.2021 13:44:20;;к-к-;квитировано;true;false;
Исчезновение;09.09.2021 13:42:33;;к-;квитировано;true;false;
Квитирование;09.09.2021 13:42:27;;к-;квитировано;true;false;
Появление;09.09.2021 13:42:23;;к-;квитировано;true;false;
Исчезновение;09.09.2021 12:26:35;;к-;квитировано;true;false;
Квитирование;09.09.2021 12:26:21;;к-;квитировано;true;false;
Появление;09.09.2021 12:26:17;;к-;квитировано;true;false;
Исчезновение;09.09.2021 12:00:44;;к-;квитировано;true;false;
Квитирование;09.09.2021 12:00:37;;к-;квитировано;true;false;
Появление;09.09.2021 12:00:34;;к-;квитировано;true;false;
Исчезновение;09.09.2021 11:59:29;;к-;квитировано;true;false;
Квитирование;09.09.2021 11:59:22;;к-;квитировано;true;false;
Появление;09.09.2021 11:59:19;;к-;квитировано;true;false;
Исчезновение;09.09.2021 11:58:34;;к-;квитировано;true;false;
Квитирование;09.09.2021 11:58:28;;к-;квитировано;true;false;
Появление;09.09.2021 11:58:24;;к-;квитировано;true;false;
Исчезновение;08.09.2021 13:53:35;;к-;квитировано;true;false;
Квитирование;08.09.2021 13:53:28;;к-;квитировано;true;false;
Появление;08.09.2021 13:53:25;;к-;квитировано;true;false;
Исчезновение;08.09.2021 13:41:59;;к-к-;квитировано;true;false;
Квитирование;08.09.2021 13:20:31;;к-к-;квитировано;true;false;
Появление;08.09.2021 13:20:28;;к-к-;квитировано;true;false;
Исчезновение;08.09.2021 13:18:24;;к-;квитировано;true;false;
Квитирование;08.09.2021 13:18:17;;к-;квитировано;true;false;
Появление;08.09.2021 13:18:14;;к-;квитировано;true;false;
Исчезновение;08.09.2021 12:17:52;;к-к-;квитировано;true;false;
Квитирование;08.09.2021 12:16:48;;к-к-;квитировано;true;false;
Появление;08.09.2021 12:16:45;;к-к-;квитировано;true;false;
Исчезновение;08.09.2021 12:16:31;;к-;квитировано;true;false;
Квитирование;08.09.2021 12:16:25;;к-;квитировано;true;false;
Появление;08.09.2021 12:16:22;;к-;квитировано;true;false;
Исчезновение;08.09.2021 12:14:54;;к-к-к-к-;квитировано;true;false;
Квитирование;08.09.2021 12:13:05;;к-к-к-к-;квитировано;true;false;
Появление;08.09.2021 12:13:01;;к-к-к-к-;квитировано;true;false;
Квитирование;08.09.2021 11:42:37;;к-к-;квитировано;true;false;
Исчезновение;08.09.2021 11:42:34;;к-к-;квитировано;true;false;
Квитирование;08.09.2021 11:41:32;;к-к-;квитировано;true;false;
Появление;08.09.2021 11:41:28;;к-к-;квитировано;true;false;
Исчезновение;08.09.2021 11:36:56;;к-;квитировано;true;false;
Квитирование;08.09.2021 11:36:49;;к-;квитировано;true;false;
Появление;08.09.2021 11:36:46;;к-;квитировано;true;false;
Исчезновение;08.09.2021 11:36:28;;;;true;false;
Квитирование;08.09.2021 11:33:01;;;квитировано;true;false;
Появление;08.09.2021 11:32:57;;к-к-;квитировано;true;false;
Исчезновение;08.09.2021 11:29:51;;к-;квитировано;true;false;
Квитирование;08.09.2021 11:29:45;;к-;квитировано;true;false;
Появление;08.09.2021 11:29:42;;к-;квитировано;true;false;
Исчезновение;07.09.2021 14:57:05;;;;true;false;
Появление;07.09.2021 14:57:04;;;квитировано;true;false;
Исчезновение;06.09.2021 18:29:35;;к-;квитировано;true;false;
Квитирование;06.09.2021 18:29:29;;к-;квитировано;true;false;
Появление;06.09.2021 18:29:26;;к-;квитировано;true;false;
Исчезновение;06.09.2021 18:28:38;;к-;квитировано;true;false;
Квитирование;06.09.2021 18:28:32;;к-;квитировано;true;false;
Появление;06.09.2021 18:28:29;;к-;квитировано;true;false;
Исчезновение;06.09.2021 18:28:15;;;квитировано;true;false;
Квитирование;06.09.2021 18:27:50;;к-к-к-к-;квитировано;true;false;
Появление;06.09.2021 18:27:47;;к-к-к-к-;квитировано;true;false;
Исчезновение;06.09.2021 18:26:03;;к-к-к-;квитировано;true;false;
Квитирование;06.09.2021 18:25:56;;к-к-к-;квитировано;true;false;
Появление;06.09.2021 18:25:53;;к-к-к-;квитировано;true;false;
Исчезновение;06.09.2021 18:19:13;;к-к-;квитировано;true;false;
Квитирование;06.09.2021 18:19:06;;к-к-;квитировано;true;false;
Появление;06.09.2021 18:19:03;;к-к-;квитировано;true;false;
Исчезновение;06.09.2021 18:17:40;;к-;квитировано;true;false;
Квитирование;06.09.2021 18:17:33;;к-;квитировано;true;false;
Появление;06.09.2021 18:17:30;;к-;квитировано;true;false;
Исчезновение;06.09.2021 17:26:42;;;квитировано;true;false;
Квитирование;05.09.2021 15:01:22;;к-к-;квитировано;true;false;
Появление;05.09.2021 15:01:19;;к-к-;квитировано;true;false;
Исчезновение;05.09.2021 14:59:35;;к-;квитировано;true;false;
Квитирование;05.09.2021 14:59:33;;к-;квитировано;true;false;
Появление;05.09.2021 14:59:30;;к-;квитировано;true;false;
Исчезновение;05.09.2021 14:59:07;;;квитировано;true;false;
Квитирование;05.09.2021 14:57:37;;к-к-;квитировано;true;false;
Появление;05.09.2021 14:57:34;;к-к-;квитировано;true;false;
Исчезновение;05.09.2021 14:54:24;;к-;квитировано;true;false;
Квитирование;05.09.2021 14:54:22;;к-;квитировано;true;false;
Появление;05.09.2021 14:54:19;;к-;квитировано;true;false;
Исчезновение;05.09.2021 14:53:31;;к-;квитировано;true;false;
Квитирование;05.09.2021 14:53:29;;к-;квитировано;true;false;
Появление;05.09.2021 14:53:26;;к-;квитировано;true;false;
Исчезновение;05.09.2021 14:53:13;;;;true;false;
Появление;05.09.2021 14:52:07;;к-к-;;false;false;
Исчезновение;05.09.2021 14:52:07;;к-;квитировано;true;false;
Квитирование;05.09.2021 14:52:04;;к-;квитировано;true;false;
Появление;05.09.2021 14:52:01;;к-;квитировано;true;false;
Исчезновение;05.09.2021 14:39:56;;к-;квитировано;true;false;
Квитирование;05.09.2021 14:39:53;;к-;квитировано;true;false;
Появление;05.09.2021 14:39:50;;к-;квитировано;true;false;
Исчезновение;05.09.2021 14:39:38;;;квитировано;true;false;
Квитирование;05.09.2021 14:35:05;;к-к-;квитировано;true;false;
Появление;05.09.2021 14:35:02;;к-к-;квитировано;true;false;
Исчезновение;05.09.2021 14:28:48;;к-;квитировано;true;false;
Квитирование;05.09.2021 14:28:45;;к-;квитировано;true;false;
Появление;05.09.2021 14:28:42;;к-;квитировано;true;false;
Исчезновение;05.09.2021 14:24:11;;к-;квитировано;true;false;
Квитирование;05.09.2021 14:23:57;;к-;квитировано;true;false;
Появление;05.09.2021 14:23:53;;к-;квитировано;true;false;
Исчезновение;05.09.2021 14:20:55;;;квитировано;true;false;
Квитирование;05.09.2021 14:19:24;;к-к-к-к-;квитировано;true;false;
Появление;05.09.2021 14:19:21;;к-к-к-к-;квитировано;true;false;
Исчезновение;05.09.2021 14:15:54;;к-к-;квитировано;true;false;
Квитирование;05.09.2021 14:12:38;;к-к-;квитировано;true;false;
Появление;05.09.2021 14:12:35;;к-к-;квитировано;true;false;
Исчезновение;05.09.2021 14:10:16;;к-;квитировано;true;false;
Квитирование;05.09.2021 14:10:10;;к-;квитировано;true;false;
Появление;05.09.2021 14:10:07;;к-;квитировано;true;false;
Исчезновение;05.09.2021 14:09:01;;;квитировано;true;false;
Квитирование;04.09.2021 14:46:04;;к-к-;квитировано;true;false;
Появление;04.09.2021 14:46:01;;к-к-;квитировано;true;false;
Исчезновение;04.09.2021 14:45:30;;к-;квитировано;true;false;
Квитирование;04.09.2021 14:45:24;;к-;квитировано;true;false;
Появление;04.09.2021 14:45:20;;к-;квитировано;true;false;
Исчезновение;04.09.2021 14:30:03;;;квитировано;true;false;
Квитирование;04.09.2021 14:26:45;;к-;квитировано;true;false;
Появление;04.09.2021 14:26:42;;к-;квитировано;true;false;
Исчезновение;04.09.2021 14:14:11;;к-;квитировано;true;false;
Квитирование;04.09.2021 14:14:05;;к-;квитировано;true;false;
Появление;04.09.2021 14:14:02;;к-;квитировано;true;false;
Исчезновение;04.09.2021 14:12:37;;;;true;false;
Появление;04.09.2021 14:12:37;;;;false;false;
Исчезновение;04.09.2021 14:12:37;;;;true;false;
Появление;04.09.2021 14:12:37;;;;false;false;
Исчезновение;04.09.2021 14:12:37;;;;true;false;
Появление;04.09.2021 14:12:36;;;;false;false;
Исчезновение;04.09.2021 14:12:36;;;;true;false;
Появление;04.09.2021 14:12:36;;;;false;false;
